Last updated: Tue Apr 26 21:10:18 CDT 2022
ID: 1 Admin Tester test123@email.com 2022-04-11 01:03:41.0
ID: 2 Keanue Driscoll-Cherland testemail123@email.com 2022-04-11 01:03:41.0
ID: 3 Joe Pera joetoematoe@test.com 2022-04-11 01:06:29.0
ID: 4 Cory Quirk coryquirk@ymail.com 2022-04-11 01:06:29.0
ID: 5 Hannah Hensley test@email.net 2022-04-11 01:06:29.0
ID: 6 Kate Bush kate@gmail.com 2022-04-11 01:06:29.0
ID: 7 Conner O'Malley conner@melsky.com 2022-04-11 01:06:29.0
ID: 19 Carlos Correa ccorrea@twins.com 2022-04-17 23:20:50.0
ID: 20 Miguel Sano msano@twins.com 2022-04-17 23:27:16.0
ID: 23 John Muir jmuir@gmail.com 2022-04-21 13:09:56.0
ID: 24 John Appleseed jappleseed@gmail.com 2022-04-21 15:22:38.0
ID: 25 Max Kepler mkepler@twins.com 2022-04-21 15:54:04.0
ID: 26 Byron Buxton bbuxton@twins.com 2022-04-21 20:09:47.0
ID: 27 Kenta Maeda kmaeda@dodgers.com 2022-04-22 11:20:47.0
ID: 28 Shohei Ohtani shohei@angels.com 2022-04-22 11:32:39.0
ID: 29 Michael Cuddyer mcuddyer@twins.com 2022-04-22 11:37:55.0
ID: 30 John Coltrane jcoltrane@bluetrain.com 2022-04-22 11:39:24.0
ID: 31 Miles Davis miles@davis.com 2022-04-22 11:41:04.0
ID: 32 Miles Smiles miles@smiles.com 2022-04-22 11:42:08.0
ID: 33 Ornette Coleman ornette@coleman.com 2022-04-22 11:46:34.0
ID: 34 Chick Corea chick@corea.com 2022-04-22 12:00:37.0
ID: 35 Randy Dobnak rdobnak@twins.com 2022-04-26 10:15:31.0
ID: 36 Luis Arraez larraez@twins.com 2022-04-26 11:52:06.0
ID: 37 Owen Hoglund ohoglund@gmail.com 2022-04-26 15:47:33.0
ID: 38 Jennifer Nelson jnelson@gmail.com Tue Apr 26 21:10:18 CDT 2022
